window,n_adopters,n_controls,mean_A_adopters,mean_A_controls,diff,t,df,p,ci_low,ci_high
2y_pre_vs_2y_post,16,25,0.7550120325945786,0.8303983816220358,-0.07538634902745722,-0.25556515886445075,29.596310011960338,0.8000544348591226,-0.6781585468408098,0.5273858487858953
3y_pre_vs_3y_post,10,24,1.1921423905461626,0.9695393753216335,0.22260301522452908,0.5393492950304947,13.565107033680837,0.5983876313166265,-0.6652742573036377,1.1104802877526958
5y_pre_vs_5y_post,6,25,1.595385685860559,1.1167247318861242,0.47866095397443487,0.5028584750374329,5.646666895468795,0.6340668462688582,-1.8862949193535983,2.8436168273024682
