window,n_adopters,n_controls,mean_A_adopters,mean_A_controls,diff,t,df,p,ci_low,ci_high
2y_pre_vs_2y_post,19,23,1.2710450944392147,0.3840501152369242,0.8869949792022904,5.206061734627469,22.175351391528736,3.1273174125919524e-05,0.53381591714599,1.2401740412585909
3y_pre_vs_3y_post,14,23,0.8204246168519239,0.3962053506570108,0.4242192661949131,2.3493112181311053,19.114766772473455,0.02970404536164405,0.04643175133831379,0.8020067810515125
5y_pre_vs_5y_post,10,23,1.498011063560353,0.6845050092622229,0.81350605429813,4.091029565824341,20.570224115435913,0.0005415732577267152,0.3994456678325828,1.2275664407636773
