window,n_adopters,n_controls,mean_A_adopters,mean_A_controls,diff,t,df,p,ci_low,ci_high
2y_pre_vs_2y_post,19,24,1.9083609669994759,1.0545059441118168,0.8538550228876591,2.6074250338249794,29.11107623471775,0.014241765834927677,0.18421344405478657,1.5234966017205318
3y_pre_vs_3y_post,14,24,1.8027287890234587,1.1481166842552473,0.6546121047682114,1.552653551642342,19.20402990581088,0.13683084737057044,-0.22719073844028792,1.5364149479767106
5y_pre_vs_5y_post,10,24,2.7141719933458957,1.67537249161378,1.0387995017321157,1.5006288138755344,12.678632663697906,0.15793815634240038,-0.4605626423163547,2.538161645780586
