outcome,outcome_label,did_coef,did_p_value,welch_diff_2y,welch_p_2y,welch_diff_3y,welch_p_3y,welch_diff_5y,welch_p_5y,strongest_heterogeneity_signal,model_summary
firearm_suicide_rate_per_100k,Firearm Suicide,1.2634148472678184,2.723373996560715e-08,0.6411610722521772,0.0012842281855072,0.6028315318088078,0.0007610147417022,0.6744348026846312,8.37771231656738e-06,high_rurality,Positive post-adoption association
nonfirearm_suicide_rate_per_100k,Non-Firearm Suicide,0.312285022388556,0.0321960347621856,0.2186880720251507,0.2499081050136874,0.1513126966500826,0.342681581135579,0.0329235337205434,0.847189498885008,high_gun_ownership,Positive post-adoption association
total_suicide_rate_per_100k,Total Suicide,1.575699869656375,6.260663263827077e-07,0.8598491442773288,0.0022561214204071,0.7541442284588905,0.0006897983282446,0.7073583364051741,0.0041321060688599,high_rurality,Positive post-adoption association
firearm_homicide_rate_per_100k,Firearm Homicide,-0.0716482569292021,0.8455231041840554,0.0157685823140855,0.9442486142869424,0.081254574035968,0.7566556604291037,0.112456701721865,0.6858709180939511,high_baseline_firearm_suicide,No clear evidence
total_firearm_rate_per_100k,Total Firearm Deaths,1.3410375207721028,0.0043940244629496,0.560643429470235,0.1165744159913235,0.6449150792809859,0.0877999034667899,0.7792922897714928,0.0424419910834698,high_rurality,Positive post-adoption association
