outcome,outcome_label,did_coef,did_p_value,welch_diff_2y,welch_p_2y,welch_diff_3y,welch_p_3y,welch_diff_5y,welch_p_5y,strongest_heterogeneity_signal,model_summary
firearm_suicide_rate_per_100k,Firearm Suicide,1.390765250571827,3.634752574221214e-10,0.6579238960970312,0.0014775100197565,0.6335942471017733,0.0006430811749997,0.6989096775862731,9.486885567498974e-06,high_rurality,Positive post-adoption association
nonfirearm_suicide_rate_per_100k,Non-Firearm Suicide,0.4147241690687208,0.002880489932408,0.2139784335586026,0.2787217243861845,0.1335462534648524,0.4192017254039546,0.0469365090993434,0.7922133501383365,high_rurality,Positive post-adoption association
total_suicide_rate_per_100k,Total Suicide,1.8054894196405484,7.700846529452068e-10,0.8719023296556349,0.0028515849358784,0.7671405005666266,0.0008777433333403,0.7458461866856164,0.0037764727595217,high_rurality,Positive post-adoption association
firearm_homicide_rate_per_100k,Firearm Homicide,-0.2336207535340732,0.4889486785152644,-0.0343730312870893,0.8811750131075204,0.024003295834562,0.928097448531072,0.0347647593673716,0.8988782194409745,high_baseline_firearm_suicide,No clear evidence
total_firearm_rate_per_100k,Total Firearm Deaths,1.2714840604288609,0.0083415811878593,0.5369308604926297,0.1456340047533205,0.6169905068934745,0.1130793563184113,0.7180795701314643,0.0636414799083329,high_rurality,Positive post-adoption association
