outcome,outcome_label,primary_coef,primary_p,arkansas_2021_coef,arkansas_2021_p,arkansas_2021_delta,arkansas_2023_coef,arkansas_2023_p,arkansas_2023_delta,sign_retained,p05_retained
firearm_suicide_rate_per_100k,Firearm Suicide,1.390765250743391,3.6347409538281834e-10,1.3609349704569302,5.079274470991123e-10,-0.029830280286,1.378704601771001,2.996128069790965e-10,-0.012060648972,True,True
nonfirearm_suicide_rate_per_100k,Non-Firearm Suicide,0.41472416954943697,0.002880495183618377,0.41635160639092095,0.00244861555919339,0.001627436841,0.4064287078198606,0.003135567254578217,-0.00829546173,True,True
total_suicide_rate_per_100k,Total Suicide,1.8054894202928284,7.700844572047763e-10,1.7772865768478519,8.075407940541559e-10,-0.028202843445,1.7851333095908613,7.742805981798911e-10,-0.020356110702,True,True
firearm_homicide_rate_per_100k,Firearm Homicide,-0.23361254188952718,0.4889639445919025,-0.20532541245196978,0.5390783699891142,0.028287129438,-0.24973136138116678,0.45348013885726923,-0.016118819492,True,False
total_firearm_rate_per_100k,Total Firearm Deaths,1.2714840603254625,0.008341571698382151,1.2622997410511463,0.007933029791235134,-0.009184319274,1.2399761902179196,0.009298777022530505,-0.031507870108,True,True
