outcome,outcome_label,baseline_coef,baseline_p,twfe_specs_positive,twfe_specs_p05,leave_one_min_coef,leave_one_max_coef,leave_one_sign_changes,placebo_abs_median,placebo_abs_p95,observed_exceeds_placebo_p95,interpretation_flag
firearm_suicide_rate_per_100k,Firearm Suicide,1.2634148464146422,2.7233711554571292e-08,5,4,1.1351701107467655,1.3561538531084778,0,0.16679368646858878,0.43593576902777875,True,stable_positive
nonfirearm_suicide_rate_per_100k,Non-Firearm Suicide,0.3122850219348391,0.0321960471541197,5,1,0.26885260815545536,0.37048992541854353,0,0.09454907764729704,0.183817558190414,True,stable_positive
total_suicide_rate_per_100k,Total Suicide,1.5756998683494803,6.260658899276136e-07,5,5,1.4200666407578915,1.726643778527022,0,0.12444314260564693,0.45950492528824033,True,stable_positive
firearm_homicide_rate_per_100k,Firearm Homicide,-0.07164825203485262,0.8455231141661929,3,0,-0.2579117129873238,0.11994826826829681,4,0.04148781141948721,0.17975200779487555,False,sensitivity_required
total_firearm_rate_per_100k,Total Firearm Deaths,1.341037519067065,0.004394025156552565,5,3,1.1287423684001405,1.591757334400776,0,0.14231655471256913,0.5292342514844807,True,stable_positive
