outcome,outcome_label,baseline_coef,baseline_p,twfe_specs_positive,twfe_specs_p05,leave_one_min_coef,leave_one_max_coef,leave_one_sign_changes,placebo_abs_median,placebo_abs_p95,observed_exceeds_placebo_p95,interpretation_flag
firearm_suicide_rate_per_100k,Firearm Suicide,1.2768001460967446,2.8747622813299843e-08,5,4,1.1450037074881927,1.3728518846487643,0,0.17752542734051469,0.3608628488598545,True,stable_positive
nonfirearm_suicide_rate_per_100k,Non-Firearm Suicide,0.31263698204952467,0.030639892018189663,5,1,0.2691649987805261,0.37114661756768413,0,0.06603747393930462,0.14144283084230075,True,stable_positive
total_suicide_rate_per_100k,Total Suicide,1.5894371281462696,6.03133193530801e-07,5,4,1.4308193491516548,1.7439985022164497,0,0.23899456075785291,0.478714985731692,True,stable_positive
firearm_homicide_rate_per_100k,Firearm Homicide,-0.053721892651380526,0.8860314039131137,3,0,-0.24823604580092765,0.14462056151164338,3,0.2670917036081186,0.4597307746468682,False,sensitivity_required
total_firearm_rate_per_100k,Total Firearm Deaths,1.376485222639742,0.0035640989382332024,5,4,1.1602408990444912,1.634708003794268,0,0.3065394875612449,0.4082030348245221,True,stable_positive
