,permitless_year,permitless_year,permitless_year,rep_vote_share_baseline,rep_vote_share_baseline,rep_vote_share_baseline,gun_ownership_baseline,gun_ownership_baseline,gun_ownership_baseline,rurality,rurality,rurality,baseline_firearm_suicide,baseline_firearm_suicide,baseline_firearm_suicide,unemployment_rate,unemployment_rate,unemployment_rate,income_pc,income_pc,income_pc
,mean,std,median,mean,std,median,mean,std,median,mean,std,median,mean,std,median,mean,std,median,mean,std,median
ever_adopter,,,,,,,,,,,,,,,,,,,,,
0,,,,0.4436070860946663,0.08466968159968129,0.4421681408717195,0.3575,0.1367000365764399,0.40349999999999997,0.4752984560805604,0.26085782686322245,0.4573317307692307,5.916662744047542,2.7133177422576273,5.919204735722024,5.412956114398422,0.9416147032017087,5.616025641025641,46772.15680473373,6588.781251113174,46091.96153846154
1,2017.75,4.757145654970953,2019.0,0.5780445787393551,0.07734487999838321,0.5766159384833338,0.4794583333333333,0.0800928695554304,0.491,0.6953844875419666,0.15264263789940943,0.7021739130434783,8.957686796114436,2.1217293449043204,8.482289658102493,5.0130608974358974,0.9513706466679658,5.29551282051282,41829.657051282054,4850.831330369354,40718.82692307692
