term,coef,se,p_value,odds_ratio
Intercept,30.893292065131444,1846253.9432550126,0.9999866490301293,26108761540474.89
rep_vote_share_baseline,2.570993710364303,3033266.853574253,0.9999993237139077,13.078814539228398
gun_ownership_baseline,2.4410127948440934,4164926.7680026386,0.9999995323695877,11.48466646554748
rurality,6.779981725638974,2122050.3041169094,0.9999974507471708,880.0526415611604
baseline_firearm_suicide,-1.0956362396923078,173565.00394821182,0.9999949633208307,0.33432682726863466
