term,coef,se,p_value,odds_ratio
Intercept,35.79797811582803,7161928.936541292,0.999996011876926,3522608340122166.5
rep_vote_share_baseline,7.30579284893374,7407223.90637566,0.9999992130412969,1488.8999667561907
gun_ownership_baseline,4.316161282665683,18356580.423334185,0.9999998123943366,74.90055367352035
rurality,5.757247113194202,7737655.342080563,0.9999994063293878,316.4759062816755
baseline_firearm_suicide,-1.6227907052978818,535315.2140847816,0.9999975812388382,0.19734719204038148
