term,coef,se,p_value,odds_ratio
Intercept,35.797978115826304,7161928.936537031,0.999996011876926,3522608340116084.0
rep_vote_share_baseline,7.305792848931724,7407223.906375162,0.9999992130412969,1488.8999667531903
gun_ownership_baseline,4.316161282665549,18356580.423318364,0.9999998123943366,74.9005536735103
rurality,5.757247113194061,7737655.342077751,0.9999994063293878,316.4759062816308
baseline_firearm_suicide,-1.6227907052976207,535315.2140846994,0.9999975812388382,0.19734719204043302
