outcome,outcome_label,cohort_att_w2,cohort_att_w3,cohort_att_w5,event_post_mean_coef,event_pretrend_min_p,pretrend_flag_p05,not_yet_post_mean_att,not_yet_pre_mean_att,not_yet_dynamic_rows,interpretation_flag
firearm_suicide_rate_per_100k,Firearm Suicide,0.590861485860205,0.5527396522631376,0.6272339072031351,0.6174266903737896,7.206707042514875e-06,True,0.4308950641304354,-0.2840966503693719,10,sensitivity_only_pretrend_signal
nonfirearm_suicide_rate_per_100k,Non-Firearm Suicide,0.26269252499848544,0.23200564352240388,0.1992810645614457,0.15419464140958863,0.19762203906352863,False,0.050119464851424746,-0.11824634858479163,10,positive_post_adoption_sensitivity
total_suicide_rate_per_100k,Total Suicide,0.8535540108586906,0.7847452957855419,0.826514971764581,0.7716213317833782,0.00022734811689620132,True,0.4810145289818603,-0.4023429989541635,10,sensitivity_only_pretrend_signal
firearm_homicide_rate_per_100k,Firearm Homicide,0.08529361312855178,-0.011344893903866447,0.03681300147514514,-0.14195035441289505,0.25059380683791577,False,-0.02959923682674438,0.03844440303672531,10,no_positive_post_adoption_sensitivity
total_firearm_rate_per_100k,Total Firearm Deaths,0.39061663211124187,0.45353401835585344,0.5573206103913961,0.5300713897954474,0.001401172845016836,True,0.3601679454001799,-0.2679925644649779,10,sensitivity_only_pretrend_signal
