outcome,outcome_label,cohort_att_w2,cohort_att_w3,cohort_att_w5,event_post_mean_coef,event_pretrend_min_p,pretrend_flag_p05,interpretation_flag
firearm_suicide_rate_per_100k,Firearm Suicide,0.6609889057280003,0.6018292831461082,0.6816443971135538,0.6108581310886211,4.83626545378432e-06,True,sensitivity_only_pretrend_signal
nonfirearm_suicide_rate_per_100k,Non-Firearm Suicide,0.27031457921420904,0.23758386416691202,0.19881067278605466,0.12743032943235333,0.13858532860857864,False,positive_post_adoption_sensitivity
total_suicide_rate_per_100k,Total Suicide,0.9313034849422112,0.8394131473130205,0.8804550698996089,0.7382884605209753,0.0003319862550943003,True,sensitivity_only_pretrend_signal
firearm_homicide_rate_per_100k,Firearm Homicide,0.20073986876244407,0.10607971943521598,0.11639011787131483,-0.06550856476248498,0.16091544821353465,False,no_positive_post_adoption_sensitivity
total_firearm_rate_per_100k,Total Firearm Deaths,0.5524060050362773,0.6285289194984408,0.6984779564461148,0.59545812123259,0.0030929836717214195,True,sensitivity_only_pretrend_signal
