outcome,outcome_label,cohort_att_w2,cohort_att_w3,cohort_att_w5,event_post_mean_coef,event_pretrend_min_p,pretrend_flag_p05,interpretation_flag
firearm_suicide_rate_per_100k,Firearm Suicide,0.590861485860205,0.5527396522631376,0.6272339072031351,0.6174266903737896,7.206707042514875e-06,True,sensitivity_only_pretrend_signal
nonfirearm_suicide_rate_per_100k,Non-Firearm Suicide,0.26269252499848544,0.23200564352240388,0.1992810645614457,0.15419464140958863,0.19762203906352863,False,positive_post_adoption_sensitivity
total_suicide_rate_per_100k,Total Suicide,0.8535540108586906,0.7847452957855419,0.826514971764581,0.7716213317833782,0.00022734811689620132,True,sensitivity_only_pretrend_signal
firearm_homicide_rate_per_100k,Firearm Homicide,0.08529361312855178,-0.011344893903866447,0.03681300147514514,-0.14195035441289505,0.25059380683791577,False,no_positive_post_adoption_sensitivity
total_firearm_rate_per_100k,Total Firearm Deaths,0.39061663211124187,0.45353401835585344,0.5573206103913961,0.5300713897954474,0.001401172845016836,True,sensitivity_only_pretrend_signal
