outcome,outcome_label,firearm_law_coef,firearm_law_p,health_access_coef,health_access_p,health_access_nobs,health_access_sign_retained,health_access_p05_retained,overdose_coef,overdose_p,overdose_nobs,overdose_sign_retained,overdose_p05_retained,health_access_overdose_coef,health_access_overdose_p,health_access_overdose_nobs,health_access_overdose_sign_retained,health_access_overdose_p05_retained
firearm_suicide_rate_per_100k,Firearm Suicide,0.9942334969023513,1.3029896898411e-07,0.6676188347876522,0.0001453070877494094,800.0,True,True,0.5156470379326492,0.044112075418258574,300.0,True,True,0.6134946894140478,0.06317595189167878,250.0,True,False
nonfirearm_suicide_rate_per_100k,Non-Firearm Suicide,0.22906208670994435,0.10323978448378401,0.13821944753609539,0.42209976941718375,800.0,True,False,-0.10653643615746677,0.4858637918903768,300.0,False,False,-0.18638464869535376,0.3087039415744014,250.0,False,False
total_suicide_rate_per_100k,Total Suicide,1.2232955836122947,2.4045037528272232e-05,0.805838282323747,0.0007230038585623586,800.0,True,True,0.4091106017751833,0.17136944867003878,300.0,True,False,0.4271100407186945,0.23214591152957384,250.0,True,False
firearm_homicide_rate_per_100k,Firearm Homicide,-0.13828063852268446,0.7075485550577836,-0.04225302694508687,0.8869323515674057,752.0,True,False,-0.11830300838503838,0.5279175956174144,295.0,True,False,0.0670299940971757,0.6915658336279171,245.0,False,False
total_firearm_rate_per_100k,Total Firearm Deaths,0.9559096149499977,0.023609057766857018,0.6310206525780782,0.03765091473423582,800.0,True,True,0.3160584028660567,0.31157715213790793,300.0,True,False,0.657697086274025,0.036246158090863984,250.0,True,True
