outcome,outcome_label,firearm_law_coef,firearm_law_p,demographic_poverty_coef,demographic_poverty_p,demographic_poverty_nobs,demographic_poverty_sign_retained,demographic_poverty_p05_retained,mental_health_access_coef,mental_health_access_p,mental_health_access_nobs,mental_health_access_sign_retained,mental_health_access_p05_retained,full_phase3b2_coef,full_phase3b2_p,full_phase3b2_nobs,full_phase3b2_sign_retained,full_phase3b2_p05_retained
firearm_suicide_rate_per_100k,Firearm Suicide,1.0963348570479323,2.030774431755648e-09,0.6949122057995338,1.2326801322896323e-07,940.0,True,True,0.11589264315746917,0.7436379970738239,141.0,True,False,0.17571174609161067,0.6327023189015193,141.0,True,False
nonfirearm_suicide_rate_per_100k,Non-Firearm Suicide,0.3298991825136937,0.011920802987232271,0.15300615660433342,0.3010907107729943,940.0,True,False,0.10475360232151976,0.6856247881195913,141.0,True,False,0.07733998354079041,0.7692985914834947,141.0,True,False
total_suicide_rate_per_100k,Total Suicide,1.426234039561626,8.12280973393078e-08,0.8479183624038671,0.00018864932789817182,940.0,True,True,0.2206462454789886,0.6602387398266834,141.0,True,False,0.25305172963240485,0.6245680456035922,141.0,True,False
firearm_homicide_rate_per_100k,Firearm Homicide,-0.3159831525549573,0.3395177560483444,-0.3470957156986502,0.18172125032984518,890.0,True,False,-0.13691657806932578,0.6208147791472303,140.0,True,False,-0.05483469438208732,0.8777184325720172,140.0,True,False
total_firearm_rate_per_100k,Total Firearm Deaths,0.8630666841284029,0.04281918920930653,0.37389927863655636,0.24644426009503362,940.0,True,False,0.04679225969824685,0.9096576452201222,141.0,True,False,0.21057243399489511,0.6721409320451103,141.0,True,False
