outcome_label,baseline_coef,baseline_se,baseline_p,law_controls_coef,law_controls_se,law_controls_p,crude_coef,same_direction_as_crude,nobs
Firearm Suicide (Age-Adjusted),1.406705387827852,0.2278621157521203,6.67971169816075e-10,1.101276334221854,0.19282176987788127,1.1207075960162166e-08,1.390765250743391,True,1220.0
Total Suicide (Age-Adjusted),1.9135028076363245,0.32749683874868507,5.132660456346457e-09,1.4824303185901693,0.3052900797741477,1.198962246393031e-06,1.8054894202928282,True,1222.0
Total Firearm Deaths (Age-Adjusted),1.229534660462834,0.5101742849392952,0.015951266371421732,0.8107472333047795,0.4603374145698317,0.07820419832296772,1.2714840603254625,True,1222.0
Firearm Homicide (Age-Adjusted),-0.22962213299513867,0.4261763659139416,0.5900276049377269,-0.29868348747990203,0.4184092020386555,0.4753168657245108,-0.23361254188952718,True,1037.0
