outcome,outcome_label,coef_post_permitless,se_post_permitless,p_post_permitless,nobs,r2
firearm_suicide_rate_per_100k,Firearm Suicide,1.3907652505715355,0.22184955563166348,3.634752574050297e-10,1222.0,0.943141344862919
nonfirearm_suicide_rate_per_100k,Non-Firearm Suicide,0.41472416906840515,0.13915928616459036,0.0028804899324169817,1222.0,0.8628724605136397
total_suicide_rate_per_100k,Total Suicide,1.8054894196399431,0.29352902028989253,7.700846528909875e-10,1222.0,0.9376049602858291
firearm_homicide_rate_per_100k,Firearm Homicide,-0.2336207535334472,0.337611062165879,0.4889486785154037,1142.0,0.8934905193865803
total_firearm_rate_per_100k,Total Firearm Deaths,1.2714840604287152,0.4820021783525126,0.008341581187968036,1222.0,0.9321972928020631
