outcome,outcome_label,firearm_law_coef,firearm_law_p,health_access_coef,health_access_p,health_access_nobs,health_access_sign_retained,health_access_p05_retained,overdose_coef,overdose_p,overdose_nobs,overdose_sign_retained,overdose_p05_retained,health_access_overdose_coef,health_access_overdose_p,health_access_overdose_nobs,health_access_overdose_sign_retained,health_access_overdose_p05_retained
firearm_suicide_rate_per_100k,Firearm Suicide,1.0963348552368752,2.0307598863871024e-09,0.7067760841089251,0.00012105077117522658,752.0,True,True,0.49164446539044243,0.05990305338103565,282.0,True,False,0.5996602281033286,0.0793815015671206,235.0,True,False
nonfirearm_suicide_rate_per_100k,Non-Firearm Suicide,0.32989918044318495,0.011920809328762485,0.23584313903229934,0.1751326582069665,752.0,True,False,-0.10741238528223848,0.48046154576546807,282.0,False,False,-0.1676448025965367,0.3540343752659831,235.0,False,False
total_suicide_rate_per_100k,Total Suicide,1.4262340356800611,8.122782188725639e-08,0.9426192231412257,2.137630319171086e-05,752.0,True,True,0.3842320801082066,0.20363876993167598,282.0,True,False,0.4320154255067924,0.2343298550486052,235.0,True,False
firearm_homicide_rate_per_100k,Firearm Homicide,-0.3159831525160852,0.3395177561210496,-0.18132383614454906,0.5090381009310193,716.0,True,False,-0.10441863920063532,0.580490746567783,280.0,True,False,0.10318588836090038,0.5524970388557886,233.0,False,False
total_firearm_rate_per_100k,Total Firearm Deaths,0.8630666819092355,0.04281920659402184,0.5034598128387732,0.09516624881114476,752.0,True,False,0.31570226627421005,0.32819039858639526,282.0,True,False,0.6757786688569322,0.035364554843449636,235.0,True,True
