outcome,outcome_label,specification,coef_post_permitless,se_post_permitless,p_post_permitless,ci_lo,ci_hi,nobs,r2,crude_coef,same_direction_as_crude
firearm_suicide_ageadj_rate_per_100k,Firearm Suicide (Age-Adjusted),baseline_controls,1.406705387827852,0.2278621157521203,6.67971169816075e-10,0.9600956409536961,1.8533151347020076,1220.0,0.9429710046648496,1.390765250743391,True
firearm_suicide_ageadj_rate_per_100k,Firearm Suicide (Age-Adjusted),firearm_law_controls,1.101276334221854,0.19282176987788127,1.1207075960162166e-08,0.7233456652612066,1.479207003182501,1220.0,0.9463731376388846,1.0963348552368752,True
total_suicide_ageadj_rate_per_100k,Total Suicide (Age-Adjusted),baseline_controls,1.9135028076363245,0.32749683874868507,5.132660456346457e-09,1.2716090036889018,2.555396611583747,1222.0,0.934296724361366,1.8054894202928282,True
total_suicide_ageadj_rate_per_100k,Total Suicide (Age-Adjusted),firearm_law_controls,1.4824303185901693,0.3052900797741477,1.198962246393031e-06,0.8840617622328398,2.0807988749474986,1222.0,0.9372214365604947,1.4262340356800611,True
total_firearm_ageadj_rate_per_100k,Total Firearm Deaths (Age-Adjusted),baseline_controls,1.229534660462834,0.5101742849392952,0.015951266371421732,0.22959306198181562,2.2294762589438526,1222.0,0.9289468208061199,1.2714840603254625,True
total_firearm_ageadj_rate_per_100k,Total Firearm Deaths (Age-Adjusted),firearm_law_controls,0.8107472333047795,0.4603374145698317,0.07820419832296772,-0.09151409925209064,1.7130085658616496,1222.0,0.9327582034976775,0.8630666819092354,True
firearm_homicide_ageadj_rate_per_100k,Firearm Homicide (Age-Adjusted),baseline_controls,-0.22962213299513867,0.4261763659139416,0.5900276049377269,-1.064927810186464,0.6056835441961869,1037.0,0.8840158361513164,-0.23361254188952718,True
firearm_homicide_ageadj_rate_per_100k,Firearm Homicide (Age-Adjusted),firearm_law_controls,-0.29868348747990203,0.4184092020386555,0.4753168657245108,-1.1187655234756668,0.5213985485158628,1037.0,0.885005048932252,-0.3159831525160851,True
