outcome,outcome_label,coef_post_permitless,se_post_permitless,p_post_permitless,nobs,r2
firearm_suicide_rate_per_100k,Firearm Suicide,1.2634148472678184,0.2273003546110338,2.7233739965607154e-08,1300.0,0.94023328401575
nonfirearm_suicide_rate_per_100k,Non-Firearm Suicide,0.312285022388556,0.14579348609462892,0.032196034762185695,1300.0,0.8588096036180008
total_suicide_rate_per_100k,Total Suicide,1.5756998696563753,0.31621523900166215,6.260663263827077e-07,1300.0,0.9328286711526496
firearm_homicide_rate_per_100k,Firearm Homicide,-0.07164825692920215,0.3677404913066739,0.8455231041840554,1199.0,0.8886669993232406
total_firearm_rate_per_100k,Total Firearm Deaths,1.3410375207721028,0.4708044919904077,0.0043940244629496,1300.0,0.9332492520901357
