outcome,outcome_label,baseline_coef,baseline_p,controlled_coef,controlled_p,controlled_delta,sign_retained,p05_retained,interpretation_flag
firearm_suicide_rate_per_100k,Firearm Suicide,1.3907652496853868,3.6348061681165496e-10,1.0963348570479323,2.030774431755648e-09,-0.2944303926374545,True,True,survives_firearm_law_controls
nonfirearm_suicide_rate_per_100k,Non-Firearm Suicide,0.414724168513268,0.0028804857543662872,0.3298991825136937,0.011920802987232271,-0.08482498599957428,True,True,survives_firearm_law_controls
total_suicide_rate_per_100k,Total Suicide,1.8054894181986552,7.700883945253548e-10,1.426234039561626,8.12280973393078e-08,-0.3792553786370292,True,True,survives_firearm_law_controls
firearm_homicide_rate_per_100k,Firearm Homicide,-0.2336125411890566,0.48896394593587644,-0.3159831525549573,0.3395177560483444,-0.08237061136590068,True,False,attenuated_by_firearm_law_controls
total_firearm_rate_per_100k,Total Firearm Deaths,1.2714840588233816,0.008341594140532382,0.8630666841284029,0.04281918920930653,-0.40841737469497863,True,True,survives_firearm_law_controls
