outcome,outcome_label,coef_post_permitless,se_post_permitless,p_post_permitless,nobs,r2
firearm_suicide_rate_per_100k,Firearm Suicide,1.3907652505718273,0.22184955563196918,3.6347525742212145e-10,1222.0,0.943141344862919
nonfirearm_suicide_rate_per_100k,Non-Firearm Suicide,0.41472416906872084,0.13915928616465184,0.0028804899324080292,1222.0,0.8628724605136397
total_suicide_rate_per_100k,Total Suicide,1.8054894196405484,0.2935290202905237,7.700846529452069e-10,1222.0,0.9376049602858291
firearm_homicide_rate_per_100k,Firearm Homicide,-0.2336207535340732,0.33761106216667536,0.48894867851526447,1142.0,0.8934905193865803
total_firearm_rate_per_100k,Total Firearm Deaths,1.2714840604288609,0.4820021783517603,0.008341581187859336,1222.0,0.9321972928020631
