outcome,outcome_label,firearm_law_coef,firearm_law_p,demographic_poverty_coef,demographic_poverty_p,demographic_poverty_nobs,demographic_poverty_sign_retained,demographic_poverty_p05_retained,mental_health_access_coef,mental_health_access_p,mental_health_access_nobs,mental_health_access_sign_retained,mental_health_access_p05_retained,full_phase3b2_coef,full_phase3b2_p,full_phase3b2_nobs,full_phase3b2_sign_retained,full_phase3b2_p05_retained
firearm_suicide_rate_per_100k,Firearm Suicide,1.0963348552368752,2.0307598863871024e-09,0.6949121503441142,1.2326878552275893e-07,940.0,True,True,0.11589229637663245,0.7436390050755958,141.0,True,False,0.17571174922852228,0.6327023225010502,141.0,True,False
nonfirearm_suicide_rate_per_100k,Non-Firearm Suicide,0.32989918044318495,0.011920809328762485,0.15300621235322337,0.30109054898346704,940.0,True,False,0.10475402483191433,0.6856235150730132,141.0,True,False,0.07733997951360051,0.7692986029649961,141.0,True,False
total_suicide_rate_per_100k,Total Suicide,1.4262340356800611,8.122782188725639e-08,0.8479183626973383,0.00018864951530533935,940.0,True,True,0.22064632120853922,0.6602385899172704,141.0,True,False,0.2530517287421215,0.6245680576831156,141.0,True,False
firearm_homicide_rate_per_100k,Firearm Homicide,-0.3159831525160852,0.3395177561210496,-0.34710389646365025,0.18170801649435334,890.0,True,False,-0.1369159197108163,0.6208169467156461,140.0,True,False,-0.05483470270877999,0.8777184144636178,140.0,True,False
total_firearm_rate_per_100k,Total Firearm Deaths,0.8630666819092355,0.04281920659402184,0.3738992102961378,0.24644439447048802,940.0,True,False,0.04679015164963167,0.9096620459797996,141.0,True,False,0.21057244013503443,0.6721409287744744,141.0,True,False
